date,log_return,brent_logret,dxy_logret,vix_level,vix_chg,rate_differential,colombia_cpi_yoy,colombia_cpi_surprise,tes_10y_yield,source_cop,source_global,source_colombia,generated
2016-10-31,0.03797990743988855,-0.01561252195973494,0.03084147210002719,17.059999465942383,3.769999504089355,7.359999999999999,6.483709999999999,-0.7872550000000009,7.42,tidyquant/Yahoo Finance (COP=X),"tidyquant/Yahoo Finance (BZ=F, DX-Y.NYB, ^VIX)","FRED: COLIRSTCI01STM, COLCPALTT01GYM, COLIRLTLT01STM, FEDFUNDS",2026-09-23
2016-11-30,0.04477579377714402,0.04394757967619922,0.03051002439475514,13.329999923706056,-3.729999542236328,7.34,5.96634,-0.5173699999999997,7.41,tidyquant/Yahoo Finance (COP=X),"tidyquant/Yahoo Finance (BZ=F, DX-Y.NYB, ^VIX)","FRED: COLIRSTCI01STM, COLCPALTT01GYM, COLIRLTLT01STM, FEDFUNDS",2026-09-23
2016-12-30,-0.03579709569063549,0.10629132344454062,0.00873024714383685,14.039999961853027,0.7100000381469727,7.11,5.747127,-0.21921299999999988,7.18,tidyquant/Yahoo Finance (COP=X),"tidyquant/Yahoo Finance (BZ=F, DX-Y.NYB, ^VIX)","FRED: COLIRSTCI01STM, COLCPALTT01GYM, COLIRLTLT01STM, FEDFUNDS",2026-09-23
2017-01-31,-0.01690601061986196,-0.00769028735288301,-0.02853088253111302,11.989999771118164,-2.0500001907348633,6.859999999999999,5.47034,-0.27678699999999967,6.94,tidyquant/Yahoo Finance (COP=X),"tidyquant/Yahoo Finance (BZ=F, DX-Y.NYB, ^VIX)","FRED: COLIRSTCI01STM, COLCPALTT01GYM, COLIRLTLT01STM, FEDFUNDS",2026-09-23
2017-02-28,0.00106293322460793,-0.00197682892027728,0.01604979446559173,12.920000076293944,0.93000030517578125,6.82,5.185071,-0.28526900000000044,7.05,tidyquant/Yahoo Finance (COP=X),"tidyquant/Yahoo Finance (BZ=F, DX-Y.NYB, ^VIX)","FRED: COLIRSTCI01STM, COLCPALTT01GYM, COLIRLTLT01STM, FEDFUNDS",2026-09-23
2017-03-30,-0.02470210434337172,-0.05092408587466135,-0.0076438975233799,12.369999885559082,-0.5500001907348633,6.4,4.692643,-0.4924279999999994,6.77,tidyquant/Yahoo Finance (COP=X),"tidyquant/Yahoo Finance (BZ=F, DX-Y.NYB, ^VIX)","FRED: COLIRSTCI01STM, COLCPALTT01GYM, COLIRLTLT01STM, FEDFUNDS",2026-09-23
2017-04-30,0.03209389503769611,-0.02104137066926847,,10.81999969482422,-1.5500001907348633,6.09,4.661792,-0.030851000000000184,6.42,tidyquant/Yahoo Finance (COP=X),"tidyquant/Yahoo Finance (BZ=F, DX-Y.NYB, ^VIX)","FRED: COLIRSTCI01STM, COLCPALTT01GYM, COLIRLTLT01STM, FEDFUNDS",2026-09-23
2017-06-29,0.05097015761713663,-0.04867097620327243,-0.01308560052118412,11.18000030517578,0.7700004577636719,5.22,3.990044,-0.37524599999999975,6.7,tidyquant/Yahoo Finance (COP=X),"tidyquant/Yahoo Finance (BZ=F, DX-Y.NYB, ^VIX)","FRED: COLIRSTCI01STM, COLCPALTT01GYM, COLIRLTLT01STM, FEDFUNDS",2026-09-23
2017-07-31,-0.02496827257480749,0.09413335196500404,-0.02970728737011629,10.260000228881836,-0.9200000762939452,4.58,3.399115,-0.590929,7.02,tidyquant/Yahoo Finance (COP=X),"tidyquant/Yahoo Finance (BZ=F, DX-Y.NYB, ^VIX)","FRED: COLIRSTCI01STM, COLCPALTT01GYM, COLIRLTLT01STM, FEDFUNDS",2026-09-23
2017-08-31,-0.01687757738001138,-0.00514140809031271,-0.00204821332486293,10.59000015258789,0.3299999237060547,4.37,3.869025,0.46991000000000005,6.92,tidyquant/Yahoo Finance (COP=X),"tidyquant/Yahoo Finance (BZ=F, DX-Y.NYB, ^VIX)","FRED: COLIRSTCI01STM, COLCPALTT01GYM, COLIRLTLT01STM, FEDFUNDS",2026-09-23
2017-09-28,3.7690095418163594e-4,0.0939555145633202,0.00441458226620117,9.510000228881836,-1.079999923706055,4.109999999999999,3.968971,0.09994599999999965,6.76,tidyquant/Yahoo Finance (COP=X),"tidyquant/Yahoo Finance (BZ=F, DX-Y.NYB, ^VIX)","FRED: COLIRSTCI01STM, COLCPALTT01GYM, COLIRLTLT01STM, FEDFUNDS",2026-09-23
2017-10-31,0.04073568377496794,0.06444072496194053,0.01566946927519286,10.18000030517578,0.6700000762939453,4.1,4.046722,0.07775100000000013,6.83,tidyquant/Yahoo Finance (COP=X),"tidyquant/Yahoo Finance (BZ=F, DX-Y.NYB, ^VIX)","FRED: COLIRSTCI01STM, COLCPALTT01GYM, COLIRLTLT01STM, FEDFUNDS",2026-09-23
2017-11-30,-0.02983156492194982,0.03522055715120409,-0.01642179015899536,11.279999732971191,1.0999994277954102,3.8099999999999996,4.117425,0.07070299999999996,6.69,tidyquant/Yahoo Finance (COP=X),"tidyquant/Yahoo Finance (BZ=F, DX-Y.NYB, ^VIX)","FRED: COLIRSTCI01STM, COLCPALTT01GYM, COLIRLTLT01STM, FEDFUNDS",2026-09-23
2017-12-29,0.01055180255158294,0.04656289848755612,,11.039999961853027,-0.2399997711181641,3.4400000000000004,4.085457,-0.031967999999999996,6.74,tidyquant/Yahoo Finance (COP=X),"tidyquant/Yahoo Finance (BZ=F, DX-Y.NYB, ^VIX)","FRED: COLIRSTCI01STM, COLCPALTT01GYM, COLIRLTLT01STM, FEDFUNDS",2026-09-23
2018-02-28,0.01299860213237646,-0.04851510184809715,0.01646864164283368,19.850000381469727,6.310000419616699,3.09,3.372025,-0.30089900000000025,6.94,tidyquant/Yahoo Finance (COP=X),"tidyquant/Yahoo Finance (BZ=F, DX-Y.NYB, ^VIX)","FRED: COLIRSTCI01STM, COLCPALTT01GYM, COLIRLTLT01STM, FEDFUNDS",2026-09-23
2018-03-29,-0.02688524152135052,0.06602909522862355,-0.0050896223946717,,,2.9800000000000004,3.136882,-0.23514299999999988,6.73,tidyquant/Yahoo Finance (COP=X),"tidyquant/Yahoo Finance (BZ=F, DX-Y.NYB, ^VIX)","FRED: COLIRSTCI01STM, COLCPALTT01GYM, COLIRLTLT01STM, FEDFUNDS",2026-09-23
2018-05-31,0.02825988849374727,0.03168631487711515,0.02314047820756482,15.43000030517578,-0.5,2.5300000000000002,3.1588119999999997,0.029262999999999373,6.89,tidyquant/Yahoo Finance (COP=X),"tidyquant/Yahoo Finance (BZ=F, DX-Y.NYB, ^VIX)","FRED: COLIRSTCI01STM, COLCPALTT01GYM, COLIRLTLT01STM, FEDFUNDS",2026-09-23
2018-06-28,0.01902860191839028,0.02356354476197975,0.00678615059177278,16.09000015258789,0.6599998474121094,2.4399999999999995,3.198665,0.03985300000000036,6.94,tidyquant/Yahoo Finance (COP=X),"tidyquant/Yahoo Finance (BZ=F, DX-Y.NYB, ^VIX)","FRED: COLIRSTCI01STM, COLCPALTT01GYM, COLIRLTLT01STM, FEDFUNDS",2026-09-23
2018-07-31,-0.01937480237190847,-0.06756427278681443,-0.00148053530918002,12.829999923706056,-3.260000228881836,2.3499999999999996,3.120464,-0.07820099999999996,7.12,tidyquant/Yahoo Finance (COP=X),"tidyquant/Yahoo Finance (BZ=F, DX-Y.NYB, ^VIX)","FRED: COLIRSTCI01STM, COLCPALTT01GYM, COLIRLTLT01STM, FEDFUNDS",2026-09-23
2018-08-30,0.04697474019125636,0.04180734381576645,0.0068554984023077,12.859999656677246,0.0299997329711914,2.3499999999999996,3.101674,-0.018790000000000084,7.09,tidyquant/Yahoo Finance (COP=X),"tidyquant/Yahoo Finance (BZ=F, DX-Y.NYB, ^VIX)","FRED: COLIRSTCI01STM, COLCPALTT01GYM, COLIRLTLT01STM, FEDFUNDS",2026-09-23
2018-09-30,-0.02268758780376334,0.06621630401859324,,12.119999885559082,-0.7399997711181641,2.3,3.2234700000000003,0.12179600000000024,7.15,tidyquant/Yahoo Finance (COP=X),"tidyquant/Yahoo Finance (BZ=F, DX-Y.NYB, ^VIX)","FRED: COLIRSTCI01STM, COLCPALTT01GYM, COLIRLTLT01STM, FEDFUNDS",2026-09-23
2018-11-30,0.00993796999013163,-0.25112518798942407,0.00144032323299114,18.06999969482422,-3.15999984741211,2.05,3.267785,-0.06385800000000019,7.27,tidyquant/Yahoo Finance (COP=X),"tidyquant/Yahoo Finance (BZ=F, DX-Y.NYB, ^VIX)","FRED: COLIRSTCI01STM, COLCPALTT01GYM, COLIRLTLT01STM, FEDFUNDS",2026-09-23
2018-12-31,0.0027773509598087902,-0.08733660149532518,-0.01137314268522793,25.420000076293945,7.350000381469727,1.98,3.183291,-0.08449399999999985,7.02,tidyquant/Yahoo Finance (COP=X),"tidyquant/Yahoo Finance (BZ=F, DX-Y.NYB, ^VIX)","FRED: COLIRSTCI01STM, COLCPALTT01GYM, COLIRLTLT01STM, FEDFUNDS",2026-09-23
2019-01-31,-0.02622691692257284,0.1400851529026852,-0.00615382737730918,16.56999969482422,-8.850000381469727,1.85,3.154547,-0.028744000000000103,6.99,tidyquant/Yahoo Finance (COP=X),"tidyquant/Yahoo Finance (BZ=F, DX-Y.NYB, ^VIX)","FRED: COLIRSTCI01STM, COLCPALTT01GYM, COLIRLTLT01STM, FEDFUNDS",2026-09-23
2019-02-28,-0.02953665759588197,0.06475055982998779,0.00604989656308596,14.779999732971191,-1.7899999618530271,1.8599999999999999,3.017505,-0.1370420000000001,6.98,tidyquant/Yahoo Finance (COP=X),"tidyquant/Yahoo Finance (BZ=F, DX-Y.NYB, ^VIX)","FRED: COLIRSTCI01STM, COLCPALTT01GYM, COLIRLTLT01STM, FEDFUNDS",2026-09-23
2019-03-31,0.03662944483734343,0.03511744046605081,,13.710000038146973,-1.0699996948242188,1.8499999999999996,3.215506,0.1980010000000001,6.71,tidyquant/Yahoo Finance (COP=X),"tidyquant/Yahoo Finance (BZ=F, DX-Y.NYB, ^VIX)","FRED: COLIRSTCI01STM, COLCPALTT01GYM, COLIRLTLT01STM, FEDFUNDS",2026-09-23
2019-05-30,0.03863073209174672,-0.12120585722509158,0.00276593567131833,18.709999084472656,5.589999198913574,1.8699999999999997,3.313986,0.06242499999999973,6.76,tidyquant/Yahoo Finance (COP=X),"tidyquant/Yahoo Finance (BZ=F, DX-Y.NYB, ^VIX)","FRED: COLIRSTCI01STM, COLCPALTT01GYM, COLIRLTLT01STM, FEDFUNDS",2026-09-23
2019-06-30,-0.04595361987904667,0.0314434508004382,,15.079999923706056,-3.6299991607666016,1.88,3.429982,0.11599599999999999,6.22,tidyquant/Yahoo Finance (COP=X),"tidyquant/Yahoo Finance (BZ=F, DX-Y.NYB, ^VIX)","FRED: COLIRSTCI01STM, COLCPALTT01GYM, COLIRLTLT01STM, FEDFUNDS",2026-09-23
2019-08-29,0.0434812166238121,-0.07551353682416195,0.00405188496404473,18.979999542236328,2.8599987030029297,2.1399999999999997,3.751524,-0.036297000000000246,6.11,tidyquant/Yahoo Finance (COP=X),"tidyquant/Yahoo Finance (BZ=F, DX-Y.NYB, ^VIX)","FRED: COLIRSTCI01STM, COLCPALTT01GYM, COLIRLTLT01STM, FEDFUNDS",2026-09-23
2019-09-30,-0.00437509812654113,0.00577509198114878,0.00463943439424774,16.239999771118164,-2.739999771118164,2.2199999999999998,3.820726,0.06920200000000021,6.07,tidyquant/Yahoo Finance (COP=X),"tidyquant/Yahoo Finance (BZ=F, DX-Y.NYB, ^VIX)","FRED: COLIRSTCI01STM, COLCPALTT01GYM, COLIRLTLT01STM, FEDFUNDS",2026-09-23
2019-10-31,-0.00998833215983374,-0.00909020794931692,-0.02063814239294892,13.220000267028809,-3.0199995040893555,2.4299999999999997,3.861479,0.04075300000000004,6.1,tidyquant/Yahoo Finance (COP=X),"tidyquant/Yahoo Finance (BZ=F, DX-Y.NYB, ^VIX)","FRED: COLIRSTCI01STM, COLCPALTT01GYM, COLIRLTLT01STM, FEDFUNDS",2026-09-23
2019-11-29,0.03591647847309076,0.03587537450657052,0.00940604206997086,12.619999885559082,-0.6000003814697266,2.71,3.846737,-0.014742000000000033,6.58,tidyquant/Yahoo Finance (COP=X),"tidyquant/Yahoo Finance (BZ=F, DX-Y.NYB, ^VIX)","FRED: COLIRSTCI01STM, COLCPALTT01GYM, COLIRLTLT01STM, FEDFUNDS",2026-09-23
2019-12-31,-0.06710036482479609,0.05560880806448498,-0.0193163027502532,13.779999732971191,1.1599998474121094,2.71,3.804302,-0.04243500000000022,6.42,tidyquant/Yahoo Finance (COP=X),"tidyquant/Yahoo Finance (BZ=F, DX-Y.NYB, ^VIX)","FRED: COLIRSTCI01STM, COLCPALTT01GYM, COLIRLTLT01STM, FEDFUNDS",2026-09-23
2020-01-31,0.03890422909879376,-0.12645691142474913,0.01032107424224904,18.84000015258789,5.060000419616699,2.71,3.622284,-0.1820179999999998,6.02,tidyquant/Yahoo Finance (COP=X),"tidyquant/Yahoo Finance (BZ=F, DX-Y.NYB, ^VIX)","FRED: COLIRSTCI01STM, COLCPALTT01GYM, COLIRLTLT01STM, FEDFUNDS",2026-09-23
2020-02-28,0.02516947793317392,-0.1408285240583469,0.00756957252316148,40.11000061035156,21.270000457763672,2.6799999999999997,3.720051999999999,0.09776799999999897,6.22,tidyquant/Yahoo Finance (COP=X),"tidyquant/Yahoo Finance (BZ=F, DX-Y.NYB, ^VIX)","FRED: COLIRSTCI01STM, COLCPALTT01GYM, COLIRLTLT01STM, FEDFUNDS",2026-09-23
2020-03-31,0.147671009697957,-0.7982438282861035,0.00933170172565223,53.540000915527344,13.43000030517578,3.5100000000000002,3.855482,0.13543000000000083,7.26,tidyquant/Yahoo Finance (COP=X),"tidyquant/Yahoo Finance (BZ=F, DX-Y.NYB, ^VIX)","FRED: COLIRSTCI01STM, COLCPALTT01GYM, COLIRLTLT01STM, FEDFUNDS",2026-09-23
2020-04-30,-0.02609386500573585,0.105492461257783,-3.0298792313043776e-4,34.150001525878906,-19.38999938964844,3.6300000000000003,3.505172,-0.3503099999999999,7.2,tidyquant/Yahoo Finance (COP=X),"tidyquant/Yahoo Finance (BZ=F, DX-Y.NYB, ^VIX)","FRED: COLIRSTCI01STM, COLCPALTT01GYM, COLIRLTLT01STM, FEDFUNDS",2026-09-23
2020-05-31,-0.05847258454736348,0.3351145736832355,,27.510000228881836,-6.64000129699707,3.18,2.8518950000000003,-0.6532769999999997,6.25,tidyquant/Yahoo Finance (COP=X),"tidyquant/Yahoo Finance (BZ=F, DX-Y.NYB, ^VIX)","FRED: COLIRSTCI01STM, COLCPALTT01GYM, COLIRLTLT01STM, FEDFUNDS",2026-09-23
2020-07-30,-0.00960334317142219,0.05092865318462003,-0.04086907385262606,24.459999084472656,-5.970001220703125,2.4000000000000004,1.969922,-0.221889,6.31,tidyquant/Yahoo Finance (COP=X),"tidyquant/Yahoo Finance (BZ=F, DX-Y.NYB, ^VIX)","FRED: COLIRSTCI01STM, COLCPALTT01GYM, COLIRLTLT01STM, FEDFUNDS",2026-09-23
2020-08-31,0.00492016822875385,0.04471278954734092,-0.01454530296980038,26.40999984741211,1.9500007629394531,2.12,1.878103,-0.09181899999999987,6.21,tidyquant/Yahoo Finance (COP=X),"tidyquant/Yahoo Finance (BZ=F, DX-Y.NYB, ^VIX)","FRED: COLIRSTCI01STM, COLCPALTT01GYM, COLIRLTLT01STM, FEDFUNDS",2026-09-23
2020-09-30,0.02288588026107341,-0.1005135780058577,0.01881472488615188,26.3700008392334,-0.03999900817871094,1.8699999999999999,1.967422,0.08931899999999993,5.98,tidyquant/Yahoo Finance (COP=X),"tidyquant/Yahoo Finance (BZ=F, DX-Y.NYB, ^VIX)","FRED: COLIRSTCI01STM, COLCPALTT01GYM, COLIRLTLT01STM, FEDFUNDS",2026-09-23
2020-10-30,0.0089138167879863,-0.08907815635426797,0.00159635563763149,38.02000045776367,11.649999618530272,1.66,1.7481369999999998,-0.21928500000000017,6.21,tidyquant/Yahoo Finance (COP=X),"tidyquant/Yahoo Finance (BZ=F, DX-Y.NYB, ^VIX)","FRED: COLIRSTCI01STM, COLCPALTT01GYM, COLIRLTLT01STM, FEDFUNDS",2026-09-23
2020-11-30,-0.06817428974791007,0.2393489857635105,-0.02334566922760661,20.56999969482422,-17.450000762939453,1.66,1.489473,-0.2586639999999998,5.93,tidyquant/Yahoo Finance (COP=X),"tidyquant/Yahoo Finance (BZ=F, DX-Y.NYB, ^VIX)","FRED: COLIRSTCI01STM, COLCPALTT01GYM, COLIRLTLT01STM, FEDFUNDS",2026-09-23
2020-12-31,-0.05264970384177481,0.08476747619755542,-0.02123175569237823,22.75,2.1800003051757812,1.67,1.610449,0.12097599999999997,5.76,tidyquant/Yahoo Finance (COP=X),"tidyquant/Yahoo Finance (BZ=F, DX-Y.NYB, ^VIX)","FRED: COLIRSTCI01STM, COLCPALTT01GYM, COLIRLTLT01STM, FEDFUNDS",2026-09-23
2021-01-29,0.03955801626132249,0.07581641896633062,,33.09000015258789,10.34000015258789,1.65,1.597207,-0.013241999999999976,5.9,tidyquant/Yahoo Finance (COP=X),"tidyquant/Yahoo Finance (BZ=F, DX-Y.NYB, ^VIX)","FRED: COLIRSTCI01STM, COLCPALTT01GYM, COLIRLTLT01STM, FEDFUNDS",2026-09-23
2021-04-29,0.01448768328569904,0.05674737523190121,-0.02113790213496358,18.61000061035156,-0.7899990081787109,1.67,1.947777,0.44122700000000004,7.46,tidyquant/Yahoo Finance (COP=X),"tidyquant/Yahoo Finance (BZ=F, DX-Y.NYB, ^VIX)","FRED: COLIRSTCI01STM, COLCPALTT01GYM, COLIRLTLT01STM, FEDFUNDS",2026-09-23
2021-05-31,-0.0019165722983736,0.0347784510271234,,,,1.7,3.295664,1.3478869999999998,7.75,tidyquant/Yahoo Finance (COP=X),"tidyquant/Yahoo Finance (BZ=F, DX-Y.NYB, ^VIX)","FRED: COLIRSTCI01STM, COLCPALTT01GYM, COLIRLTLT01STM, FEDFUNDS",2026-09-23
2021-07-29,0.02570560584570103,0.01584615997570093,-0.00292513367737878,18.239999771118164,2.40999984741211,1.66,3.970092,0.33533000000000035,7.6,tidyquant/Yahoo Finance (COP=X),"tidyquant/Yahoo Finance (BZ=F, DX-Y.NYB, ^VIX)","FRED: COLIRSTCI01STM, COLCPALTT01GYM, COLIRLTLT01STM, FEDFUNDS",2026-09-23
2021-08-31,-0.02060958779398625,-0.04474365360294197,0.00497835547531622,16.479999542236328,-1.760000228881836,1.67,4.441022,0.47093000000000007,7.6,tidyquant/Yahoo Finance (COP=X),"tidyquant/Yahoo Finance (BZ=F, DX-Y.NYB, ^VIX)","FRED: COLIRSTCI01STM, COLCPALTT01GYM, COLIRLTLT01STM, FEDFUNDS",2026-09-23
2021-09-30,0.01088186712665439,0.07303091045956567,0.01733779271329094,23.13999938964844,6.659999847412109,1.71,4.510173,0.06915099999999974,8.05,tidyquant/Yahoo Finance (COP=X),"tidyquant/Yahoo Finance (BZ=F, DX-Y.NYB, ^VIX)","FRED: COLIRSTCI01STM, COLCPALTT01GYM, COLIRLTLT01STM, FEDFUNDS",2026-09-23
2021-10-28,-0.00813835525951134,0.07197704749037115,,16.260000228881836,-6.879999160766602,1.96,4.583541,0.07336800000000032,8.4,tidyquant/Yahoo Finance (COP=X),"tidyquant/Yahoo Finance (BZ=F, DX-Y.NYB, ^VIX)","FRED: COLIRSTCI01STM, COLCPALTT01GYM, COLIRLTLT01STM, FEDFUNDS",2026-09-23
2021-12-31,0.00864042899446992,0.09727919234499716,-0.00333924656992845,17.219999313354492,-9.970001220703123,2.65,5.622669999999999,0.36372499999999963,8.46,tidyquant/Yahoo Finance (COP=X),"tidyquant/Yahoo Finance (BZ=F, DX-Y.NYB, ^VIX)","FRED: COLIRSTCI01STM, COLCPALTT01GYM, COLIRLTLT01STM, FEDFUNDS",2026-09-23
2022-01-31,-0.03903699969410645,0.15928021712119556,0.00905268916494783,24.829999923706055,7.610000610351563,3.01,6.944602000000001,1.3219320000000012,9.43,tidyquant/Yahoo Finance (COP=X),"tidyquant/Yahoo Finance (BZ=F, DX-Y.NYB, ^VIX)","FRED: COLIRSTCI01STM, COLCPALTT01GYM, COLIRLTLT01STM, FEDFUNDS",2026-09-23
2022-02-28,-0.01513049867592819,0.1018569507310838,0.00175936054639702,30.149999618530273,5.319999694824219,4.01,8.005195,1.060593,9.74,tidyquant/Yahoo Finance (COP=X),"tidyquant/Yahoo Finance (BZ=F, DX-Y.NYB, ^VIX)","FRED: COLIRSTCI01STM, COLCPALTT01GYM, COLIRLTLT01STM, FEDFUNDS",2026-09-23
2022-03-31,-0.02353927766824704,0.06627609942676749,0.01640892628293677,20.559999465942383,-9.59000015258789,3.8599999999999994,8.527874,0.5226790000000001,9.97,tidyquant/Yahoo Finance (COP=X),"tidyquant/Yahoo Finance (BZ=F, DX-Y.NYB, ^VIX)","FRED: COLIRSTCI01STM, COLCPALTT01GYM, COLIRLTLT01STM, FEDFUNDS",2026-09-23
2022-04-28,0.05365030348759525,0.01316467966165024,0.04621482785072306,33.400001525878906,12.840002059936523,4.77,9.2341,0.7062259999999991,10.54,tidyquant/Yahoo Finance (COP=X),"tidyquant/Yahoo Finance (BZ=F, DX-Y.NYB, ^VIX)","FRED: COLIRSTCI01STM, COLCPALTT01GYM, COLIRLTLT01STM, FEDFUNDS",2026-09-23
2022-05-31,8.028756971931728e-4,0.11642040578660227,-0.01182173007309828,26.190000534057617,-7.210000991821289,5.300000000000001,9.066776,-0.16732399999999892,10.78,tidyquant/Yahoo Finance (COP=X),"tidyquant/Yahoo Finance (BZ=F, DX-Y.NYB, ^VIX)","FRED: COLIRSTCI01STM, COLCPALTT01GYM, COLIRLTLT01STM, FEDFUNDS",2026-09-23
2022-06-30,0.04305745732054511,-0.06760409891962649,0.02848480132889719,28.709999084472656,2.519998550415039,4.85,9.673833,0.6070569999999993,11.61,tidyquant/Yahoo Finance (COP=X),"tidyquant/Yahoo Finance (BZ=F, DX-Y.NYB, ^VIX)","FRED: COLIRSTCI01STM, COLCPALTT01GYM, COLIRLTLT01STM, FEDFUNDS",2026-09-23
2022-07-31,0.03216210137939157,-0.04270727667111185,,21.329999923706055,-7.379999160766602,5.82,10.20582,0.5319869999999991,12.62,tidyquant/Yahoo Finance (COP=X),"tidyquant/Yahoo Finance (BZ=F, DX-Y.NYB, ^VIX)","FRED: COLIRSTCI01STM, COLCPALTT01GYM, COLIRLTLT01STM, FEDFUNDS",2026-09-23
2022-09-29,0.02392688799252162,-0.09255719861478529,0.03097798474127966,31.6200008392334,5.75,6.51,11.43989,0.6039200000000005,12.92,tidyquant/Yahoo Finance (COP=X),"tidyquant/Yahoo Finance (BZ=F, DX-Y.NYB, ^VIX)","FRED: COLIRSTCI01STM, COLCPALTT01GYM, COLIRLTLT01STM, FEDFUNDS",2026-09-23
2022-10-31,0.06547267304224924,0.07520367892633928,-0.00527614873201454,25.8799991607666,-5.740001678466797,7.02,12.22175,0.78186,13.93,tidyquant/Yahoo Finance (COP=X),"tidyquant/Yahoo Finance (BZ=F, DX-Y.NYB, ^VIX)","FRED: COLIRSTCI01STM, COLCPALTT01GYM, COLIRLTLT01STM, FEDFUNDS",2026-09-23
2022-11-30,-0.00496131166053892,-0.10438850346868912,-0.05132634615082665,20.579999923706055,-5.299999237060547,7.210000000000001,12.53146,0.30970999999999904,13.23,tidyquant/Yahoo Finance (COP=X),"tidyquant/Yahoo Finance (BZ=F, DX-Y.NYB, ^VIX)","FRED: COLIRSTCI01STM, COLCPALTT01GYM, COLIRLTLT01STM, FEDFUNDS",2026-09-23
2022-12-30,0.00803321134045198,0.00560294854148146,-0.02320245758583805,21.670000076293945,1.0900001525878906,7.3100000000000005,13.122470000000002,0.5910100000000025,13.23,tidyquant/Yahoo Finance (COP=X),"tidyquant/Yahoo Finance (BZ=F, DX-Y.NYB, ^VIX)","FRED: COLIRSTCI01STM, COLCPALTT01GYM, COLIRLTLT01STM, FEDFUNDS",2026-09-23
2023-01-31,-0.05244322382047883,-0.01666712039631424,-0.01381208809904066,19.399999618530273,-2.270000457763672,7.6899999999999995,13.25198,0.12950999999999802,12.26,tidyquant/Yahoo Finance (COP=X),"tidyquant/Yahoo Finance (BZ=F, DX-Y.NYB, ^VIX)","FRED: COLIRSTCI01STM, COLCPALTT01GYM, COLIRLTLT01STM, FEDFUNDS",2026-09-23
2023-02-28,0.03771729573424842,-0.00712674929834111,0.026768803810989,20.700000762939453,1.3000011444091797,8.19,13.27902,0.02703999999999951,13.43,tidyquant/Yahoo Finance (COP=X),"tidyquant/Yahoo Finance (BZ=F, DX-Y.NYB, ^VIX)","FRED: COLIRSTCI01STM, COLCPALTT01GYM, COLIRLTLT01STM, FEDFUNDS",2026-09-23
2023-03-30,-0.0284525592457765,-0.05035895774220567,-0.0227611384021138,18.700000762939453,-2,7.969999999999999,13.34433,0.0653100000000002,11.95,tidyquant/Yahoo Finance (COP=X),"tidyquant/Yahoo Finance (BZ=F, DX-Y.NYB, ^VIX)","FRED: COLIRSTCI01STM, COLCPALTT01GYM, COLIRLTLT01STM, FEDFUNDS",2026-09-23
2023-04-30,0.01107076846034615,-0.00288740055055924,,15.779999732971191,-2.9200010299682617,8.17,12.82287,-0.5214599999999994,11.89,tidyquant/Yahoo Finance (COP=X),"tidyquant/Yahoo Finance (BZ=F, DX-Y.NYB, ^VIX)","FRED: COLIRSTCI01STM, COLCPALTT01GYM, COLIRLTLT01STM, FEDFUNDS",2026-09-23
2023-06-29,-0.06398575190734057,0.03036283370170967,-0.0136082398194075,13.59000015258789,-4.350000381469727,8.2,12.12962,-0.23064000000000107,10.15,tidyquant/Yahoo Finance (COP=X),"tidyquant/Yahoo Finance (BZ=F, DX-Y.NYB, ^VIX)","FRED: COLIRSTCI01STM, COLCPALTT01GYM, COLIRLTLT01STM, FEDFUNDS",2026-09-23
2023-07-31,-0.06488138098124985,0.13306394478438133,-0.01025552798503159,13.630000114440918,0.03999996185302734,8.14,11.78492,-0.34469999999999956,10.22,tidyquant/Yahoo Finance (COP=X),"tidyquant/Yahoo Finance (BZ=F, DX-Y.NYB, ^VIX)","FRED: COLIRSTCI01STM, COLCPALTT01GYM, COLIRLTLT01STM, FEDFUNDS",2026-09-23
2023-08-31,0.04524332191352265,0.01507977845374863,0.01713106044441215,13.56999969482422,-0.06000041961669922,7.9399999999999995,11.42734,-0.35758000000000045,10.7,tidyquant/Yahoo Finance (COP=X),"tidyquant/Yahoo Finance (BZ=F, DX-Y.NYB, ^VIX)","FRED: COLIRSTCI01STM, COLCPALTT01GYM, COLIRLTLT01STM, FEDFUNDS",2026-09-23
2023-09-28,-0.00381220207459165,0.0928370772005902,0.02431117788610581,17.520000457763672,3.950000762939453,7.92,10.99432,-0.4330199999999991,11.87,tidyquant/Yahoo Finance (COP=X),"tidyquant/Yahoo Finance (BZ=F, DX-Y.NYB, ^VIX)","FRED: COLIRSTCI01STM, COLCPALTT01GYM, COLIRLTLT01STM, FEDFUNDS",2026-09-23
2023-10-31,-0.00276710399466395,-0.08652497684594174,0.00460467372783668,18.13999938964844,0.6199989318847656,7.9399999999999995,10.47863,-0.5156899999999993,11.81,tidyquant/Yahoo Finance (COP=X),"tidyquant/Yahoo Finance (BZ=F, DX-Y.NYB, ^VIX)","FRED: COLIRSTCI01STM, COLCPALTT01GYM, COLIRLTLT01STM, FEDFUNDS",2026-09-23
2023-11-30,-0.01767998032446627,-0.0538193977718171,-0.03007462680145334,12.920000076293944,-5.219999313354492,7.93,10.14863,-0.33000000000000007,10.74,tidyquant/Yahoo Finance (COP=X),"tidyquant/Yahoo Finance (BZ=F, DX-Y.NYB, ^VIX)","FRED: COLIRSTCI01STM, COLCPALTT01GYM, COLIRLTLT01STM, FEDFUNDS",2026-09-23
2023-12-29,-0.02773227471957717,-0.07246555734268778,,12.449999809265137,-0.4700002670288086,7.800000000000001,9.276055,-0.8725750000000012,9.94,tidyquant/Yahoo Finance (COP=X),"tidyquant/Yahoo Finance (BZ=F, DX-Y.NYB, ^VIX)","FRED: COLIRSTCI01STM, COLCPALTT01GYM, COLIRLTLT01STM, FEDFUNDS",2026-09-23
2024-02-29,0.00100222047805154,0.02310637658239045,0.00858132844182435,13.399999618530272,-0.9500007629394532,7.41,7.737382000000001,-0.6091849999999992,10.07,tidyquant/Yahoo Finance (COP=X),"tidyquant/Yahoo Finance (BZ=F, DX-Y.NYB, ^VIX)","FRED: COLIRSTCI01STM, COLCPALTT01GYM, COLIRLTLT01STM, FEDFUNDS",2026-09-23
2024-03-31,-0.01638040981529265,0.04512747540788009,,,,7.35,7.362685000000001,-0.3746970000000003,10.32,tidyquant/Yahoo Finance (COP=X),"tidyquant/Yahoo Finance (BZ=F, DX-Y.NYB, ^VIX)","FRED: COLIRSTCI01STM, COLCPALTT01GYM, COLIRLTLT01STM, FEDFUNDS",2026-09-23
2024-05-30,-0.01106476389913879,-0.07367028186599356,-0.01469990011327215,12.920000076293944,-2.729999542236328,6.42,7.156924000000001,-0.006356999999998614,11.19,tidyquant/Yahoo Finance (COP=X),"tidyquant/Yahoo Finance (BZ=F, DX-Y.NYB, ^VIX)","FRED: COLIRSTCI01STM, COLCPALTT01GYM, COLIRLTLT01STM, FEDFUNDS",2026-09-23
2024-06-30,0.0776483594586228,0.05702908860542255,,12.4399995803833,-0.4800004959106446,6.42,7.182466000000001,0.02554199999999973,11.25,tidyquant/Yahoo Finance (COP=X),"tidyquant/Yahoo Finance (BZ=F, DX-Y.NYB, ^VIX)","FRED: COLIRSTCI01STM, COLCPALTT01GYM, COLIRLTLT01STM, FEDFUNDS",2026-09-23
2024-08-29,0.01794861947727888,-0.02407335557631462,-0.02332468791604203,15,-1.3600006103515625,5.42,6.120451,-0.7395900000000006,10.7,tidyquant/Yahoo Finance (COP=X),"tidyquant/Yahoo Finance (BZ=F, DX-Y.NYB, ^VIX)","FRED: COLIRSTCI01STM, COLCPALTT01GYM, COLIRLTLT01STM, FEDFUNDS",2026-09-23
2024-09-30,0.01596348892369903,-0.09344652092323712,-0.00908736190716386,16.729999542236328,1.729999542236328,5.62,5.808777,-0.311674,10.4,tidyquant/Yahoo Finance (COP=X),"tidyquant/Yahoo Finance (BZ=F, DX-Y.NYB, ^VIX)","FRED: COLIRSTCI01STM, COLCPALTT01GYM, COLIRLTLT01STM, FEDFUNDS",2026-09-23
2024-10-31,0.05138717745661658,0.01918235891034658,0.03125869410008697,23.15999984741211,6.430000305175781,5.42,5.406128,-0.40264900000000026,10.92,tidyquant/Yahoo Finance (COP=X),"tidyquant/Yahoo Finance (BZ=F, DX-Y.NYB, ^VIX)","FRED: COLIRSTCI01STM, COLCPALTT01GYM, COLIRLTLT01STM, FEDFUNDS",2026-09-23
2024-11-29,8.902889580504336e-4,-0.00301165472686726,0.01678462536464753,13.510000228881836,-9.649999618530272,5.11,5.197362,-0.20876599999999979,11.15,tidyquant/Yahoo Finance (COP=X),"tidyquant/Yahoo Finance (BZ=F, DX-Y.NYB, ^VIX)","FRED: COLIRSTCI01STM, COLCPALTT01GYM, COLIRLTLT01STM, FEDFUNDS",2026-09-23
2024-12-31,-0.0030137430477577,0.02303932950985121,0.02567475253915141,17.350000381469727,3.84000015258789,5.219999999999999,5.203062999999999,0.00570099999999929,11.72,tidyquant/Yahoo Finance (COP=X),"tidyquant/Yahoo Finance (BZ=F, DX-Y.NYB, ^VIX)","FRED: COLIRSTCI01STM, COLCPALTT01GYM, COLIRLTLT01STM, FEDFUNDS",2026-09-23
2025-01-31,-0.05679767184182616,0.02800715060767711,-0.00110665986439428,16.43000030517578,-0.9200000762939452,5.1899999999999995,5.222980000000001,0.019917000000001295,12.06,tidyquant/Yahoo Finance (COP=X),"tidyquant/Yahoo Finance (BZ=F, DX-Y.NYB, ^VIX)","FRED: COLIRSTCI01STM, COLCPALTT01GYM, COLIRLTLT01STM, FEDFUNDS",2026-09-23
2025-02-28,-0.00712858146173012,-0.04776153520822568,-0.00703773739520396,19.6299991607666,3.1999988555908203,5.1899999999999995,5.276587,0.053606999999999516,12.1,tidyquant/Yahoo Finance (COP=X),"tidyquant/Yahoo Finance (BZ=F, DX-Y.NYB, ^VIX)","FRED: COLIRSTCI01STM, COLCPALTT01GYM, COLIRLTLT01STM, FEDFUNDS",2026-09-23
2025-03-31,0.01257045993521188,0.02109323171391164,-0.03210550066525819,22.280000686645508,2.6500015258789062,5.17,5.089996,-0.18659099999999995,12.35,tidyquant/Yahoo Finance (COP=X),"tidyquant/Yahoo Finance (BZ=F, DX-Y.NYB, ^VIX)","FRED: COLIRSTCI01STM, COLCPALTT01GYM, COLIRLTLT01STM, FEDFUNDS",2026-09-23
2025-04-30,0.01391271286212791,-0.16897773585953946,-0.04655198178253261,24.700000762939453,2.4200000762939453,5.17,5.162292,0.0722959999999997,12.73,tidyquant/Yahoo Finance (COP=X),"tidyquant/Yahoo Finance (BZ=F, DX-Y.NYB, ^VIX)","FRED: COLIRSTCI01STM, COLCPALTT01GYM, COLIRLTLT01STM, FEDFUNDS",2026-09-23
2025-05-29,-0.0269069400949018,0.0122817256470169,-0.00140844477507595,18.56999969482422,-6.130001068115234,4.92,,,12.84,tidyquant/Yahoo Finance (COP=X),"tidyquant/Yahoo Finance (BZ=F, DX-Y.NYB, ^VIX)","FRED: COLIRSTCI01STM, COLCPALTT01GYM, COLIRLTLT01STM, FEDFUNDS",2026-09-23
2025-06-30,-0.00998000129030352,0.05643652486746298,-0.02497458776683459,16.729999542236328,-1.8400001525878904,4.92,,,12.99,tidyquant/Yahoo Finance (COP=X),"tidyquant/Yahoo Finance (BZ=F, DX-Y.NYB, ^VIX)","FRED: COLIRSTCI01STM, COLCPALTT01GYM, COLIRLTLT01STM, FEDFUNDS",2026-09-23
2025-07-31,0.02350244018414216,0.0702443424148802,0.03199705789923435,16.719999313354492,-0.01000022888183593,4.92,,,12.46,tidyquant/Yahoo Finance (COP=X),"tidyquant/Yahoo Finance (BZ=F, DX-Y.NYB, ^VIX)","FRED: COLIRSTCI01STM, COLCPALTT01GYM, COLIRLTLT01STM, FEDFUNDS",2026-09-23
2025-08-31,-0.04171137995907159,-0.06272935643075428,,15.359999656677246,-1.359999656677246,4.92,,,12.33,tidyquant/Yahoo Finance (COP=X),"tidyquant/Yahoo Finance (BZ=F, DX-Y.NYB, ^VIX)","FRED: COLIRSTCI01STM, COLCPALTT01GYM, COLIRLTLT01STM, FEDFUNDS",2026-09-23
2025-10-31,-0.01703711916510997,-0.02952742340369685,0.02055046671358074,17.440000534057617,1.1599998474121094,5.15,,,12.05,tidyquant/Yahoo Finance (COP=X),"tidyquant/Yahoo Finance (BZ=F, DX-Y.NYB, ^VIX)","FRED: COLIRSTCI01STM, COLCPALTT01GYM, COLIRLTLT01STM, FEDFUNDS",2026-09-23
2025-11-28,-0.03014306025462332,-0.0291592955922928,,16.350000381469727,-1.0900001525878906,5.3500000000000005,,,12.52,tidyquant/Yahoo Finance (COP=X),"tidyquant/Yahoo Finance (BZ=F, DX-Y.NYB, ^VIX)","FRED: COLIRSTCI01STM, COLCPALTT01GYM, COLIRLTLT01STM, FEDFUNDS",2026-09-23
2026-01-30,-0.02385694993952292,0.1498923603621947,-0.01321267685212568,17.440000534057617,2.4900007247924805,5.609999999999999,,,12.73,tidyquant/Yahoo Finance (COP=X),"tidyquant/Yahoo Finance (BZ=F, DX-Y.NYB, ^VIX)","FRED: COLIRSTCI01STM, COLCPALTT01GYM, COLIRLTLT01STM, FEDFUNDS",2026-09-23
2026-02-27,0.03020763669558945,0.02500655333037205,0.00637209505964886,19.86000061035156,2.4200000762939453,6.6,,,13.21,tidyquant/Yahoo Finance (COP=X),"tidyquant/Yahoo Finance (BZ=F, DX-Y.NYB, ^VIX)","FRED: COLIRSTCI01STM, COLCPALTT01GYM, COLIRLTLT01STM, FEDFUNDS",2026-09-23
2026-03-31,-0.02214934242387478,0.4903356150170257,0.02379014336797968,25.25,5.3899993896484375,6.6,,,13.56,tidyquant/Yahoo Finance (COP=X),"tidyquant/Yahoo Finance (BZ=F, DX-Y.NYB, ^VIX)","FRED: COLIRSTCI01STM, COLCPALTT01GYM, COLIRLTLT01STM, FEDFUNDS",2026-09-23
2026-04-30,-0.00729193024311669,-0.03736014048420966,-0.01898660595092227,16.889999389648438,-8.3600006103515625,7.59,,,13.16,tidyquant/Yahoo Finance (COP=X),"tidyquant/Yahoo Finance (BZ=F, DX-Y.NYB, ^VIX)","FRED: COLIRSTCI01STM, COLCPALTT01GYM, COLIRLTLT01STM, FEDFUNDS",2026-09-23
2026-05-31,0.00660452780548403,-0.21395424175049893,,15.31999969482422,-1.5699996948242188,7.6000000000000005,,,14.01,tidyquant/Yahoo Finance (COP=X),"tidyquant/Yahoo Finance (BZ=F, DX-Y.NYB, ^VIX)","FRED: COLIRSTCI01STM, COLCPALTT01GYM, COLIRLTLT01STM, FEDFUNDS",2026-09-23
2026-07-30,-0.09395142457044336,0.2117792213409828,-0.01383174797246677,15.989999771118164,-0.46000099182128906,8.36,,,12.04,tidyquant/Yahoo Finance (COP=X),"tidyquant/Yahoo Finance (BZ=F, DX-Y.NYB, ^VIX)","FRED: COLIRSTCI01STM, COLCPALTT01GYM, COLIRLTLT01STM, FEDFUNDS",2026-09-23
2026-08-31,0.02739263982005013,0.00409717771469164,-0.0037143318349182,14.920000076293944,-1.0699996948242188,8.350000000000001,,,12.15,tidyquant/Yahoo Finance (COP=X),"tidyquant/Yahoo Finance (BZ=F, DX-Y.NYB, ^VIX)","FRED: COLIRSTCI01STM, COLCPALTT01GYM, COLIRLTLT01STM, FEDFUNDS",2026-09-23
2026-09-23,-0.00171247308257704,0.09240259581162302,,,,,,,,tidyquant/Yahoo Finance (COP=X),"tidyquant/Yahoo Finance (BZ=F, DX-Y.NYB, ^VIX)","FRED: COLIRSTCI01STM, COLCPALTT01GYM, COLIRLTLT01STM, FEDFUNDS",2026-09-23
