symbol,country_or_region,category,annualized_return,annualized_volatility,sharpe_proxy,max_drawdown,relative_strength_to_spy,value_signal,momentum_signal,risk_score,valuation_composite,macro_tailwind,catalyst_strength,implementation_quality,risk_control,valuation_score,macro_score,catalyst_score,impl_score,risk_score_adj,weighted_score,conviction_bucket
INDA,India,Country ETF,0.07333895359889127,0.21116929751607005,0.3472993207893309,-0.4506711952750754,NA,1,0.5,0.7,0.76,3.8,4,4,3.5,3.8,3.8,4,4,3.5,3.825,"Attractive, monitor closely"
VWO,Emerging markets,Benchmark,0.08433781583044057,0.19541016238049738,0.4315938066016253,-0.36392344533353704,NA,1,0.5,1,0.8500000000000001,3.5,3.3,4,4,4.25,3.5,3.3,4,4,3.7975000000000003,"Attractive, monitor closely"
EWJ,Japan,Country ETF,0.10107978978629811,0.17768638841339815,0.5688662518770422,-0.3314407294734171,NA,1,0.5,1,0.8500000000000001,3.2,3.5,4,3.5,4.25,3.2,3.5,4,3.5,3.6875,"Attractive, monitor closely"
VEA,Developed markets ex-U.S.,Benchmark,0.10035311402798586,0.17358602095051875,0.5781174859500456,-0.35735082890847036,NA,1,0.5,1,0.8500000000000001,2.8,2.5,4.2,4,4.25,2.8,2.5,4.2,4,3.4925,Watchlist or tactical
EWQ,France,Country ETF,0.09857337956886053,0.2060091510617338,0.4784902955078996,-0.3922936735699437,NA,1,0.5,1,0.8500000000000001,2.8,2.5,3.8,3.5,4.25,2.8,2.5,3.8,3.5,3.3575,Watchlist or tactical
EWL,Switzerland,Country ETF,0.09096036713497238,0.16319102987440565,0.5573858269353217,-0.289938483685814,NA,1,0.5,1,0.8500000000000001,2.8,2.5,3.8,3.5,4.25,2.8,2.5,3.8,3.5,3.3575,Watchlist or tactical
EWU,United Kingdom,Country ETF,0.08046690893653272,0.18797727357082544,0.42806722008453146,-0.4333045073115608,NA,1,0.5,0.7,0.76,2.8,2.8,3.8,3.5,3.8,2.8,2.8,3.8,3.5,3.3049999999999997,Watchlist or tactical
EWG,Germany,Country ETF,0.08412794555684557,0.20938321693693768,0.40178934485557805,-0.46800911506251575,NA,1,0.5,0.7,0.76,2.8,2.5,3.8,3.5,3.8,2.8,2.5,3.8,3.5,3.2449999999999997,Watchlist or tactical
EWS,Singapore,Country ETF,0.0783456292887511,0.18031589471122003,0.43449097714998114,-0.4083788507734838,NA,1,0.5,0.7,0.76,2.8,2.5,3.8,3.5,3.8,2.8,2.5,3.8,3.5,3.2449999999999997,Watchlist or tactical
EWH,Hong Kong,Country ETF,0.06124128884879618,0.19617360289904717,0.31217904928988605,-0.42711884985388804,NA,1,0.5,0.7,0.76,2.8,2.5,3.8,3.5,3.8,2.8,2.5,3.8,3.5,3.2449999999999997,Watchlist or tactical
KSA,Saudi Arabia,Country ETF,0.07746273403891317,0.20156398602576855,0.38430840531705945,-0.4056135106450649,NA,1,0.5,0.7,0.76,2.8,2.5,3.8,3.5,3.8,2.8,2.5,3.8,3.5,3.2449999999999997,Watchlist or tactical
QAT,Qatar,Country ETF,0.028360454619110548,0.18283195557497223,0.15511760255433593,-0.4028878513629407,NA,1,0.5,0.7,0.76,2.8,2.5,3.8,3.5,3.8,2.8,2.5,3.8,3.5,3.2449999999999997,Watchlist or tactical
THD,Thailand,Country ETF,0.047899043449137285,0.21499275323503977,0.22279375806110027,-0.4931786565710369,NA,1,0.5,0.7,0.76,2.8,2.5,3.8,3.5,3.8,2.8,2.5,3.8,3.5,3.2449999999999997,Watchlist or tactical
EWM,Malaysia,Country ETF,0.02368091343221692,0.17343953795224126,0.13653699561133376,-0.44248032973528806,NA,1,0.5,0.7,0.76,2.8,2.5,3.8,3.5,3.8,2.8,2.5,3.8,3.5,3.2449999999999997,Watchlist or tactical
SPY,United States,Benchmark,0.1454885028418013,0.17550854751640727,0.8289539449820836,-0.33717257210811347,NA,0.5,0.5,1,0.6499999999999999,2.5,2.5,4.2,4,3.2499999999999996,2.5,2.5,4.2,4,3.1675,Watchlist or tactical
UAE,United Arab Emirates,Country ETF,0.06763062400880923,0.2064938033804367,0.32751890323899463,-0.5327200865072578,NA,1,0.5,0.4,0.67,2.8,2.5,3.8,3.5,3.35,2.8,2.5,3.8,3.5,3.1325,Watchlist or tactical
EPHE,Philippines,Country ETF,-0.004421024849642117,0.22098456818979262,-0.020006034293965358,-0.5382072521534171,NA,1,0.5,0.4,0.67,2.8,2.5,3.8,3.5,3.35,2.8,2.5,3.8,3.5,3.1325,Watchlist or tactical
EWT,Taiwan,Country ETF,0.18708983726025255,0.2218831731477299,0.84319074135328,-0.3888150998580615,NA,0.5,0.5,1,0.6499999999999999,2.8,2.5,3.8,3.5,3.2499999999999996,2.8,2.5,3.8,3.5,3.1074999999999995,Watchlist or tactical
EWA,Australia,Country ETF,0.09032985045735634,0.2273870882201205,0.39725144978290566,-0.45539507704507776,NA,0.7,0.5,0.7,0.6399999999999999,2.8,2.5,3.8,3.5,3.1999999999999993,2.8,2.5,3.8,3.5,3.0949999999999998,Watchlist or tactical
EWZ,Brazil,Country ETF,0.1138528572640294,0.34528918571774336,0.3297318942305318,-0.5699234769233829,NA,0.4,0.5,0.4,0.43000000000000005,3,3.2,4,3.5,2.1500000000000004,3,3.2,4,3.5,3.0525,Watchlist or tactical
EWN,Netherlands,Country ETF,0.13348245126960073,0.2118278701810437,0.6301458403727366,-0.43564987071349637,NA,0.5,0.5,0.7,0.5599999999999999,2.8,2.5,3.8,3.5,2.8,2.8,2.5,3.8,3.5,2.9949999999999997,Watchlist or tactical
EWC,Canada,Country ETF,0.10181182039303308,0.18847264981139117,0.5401941368942309,-0.426575632200314,NA,0.5,0.5,0.7,0.5599999999999999,2.8,2.5,3.8,3.5,2.8,2.8,2.5,3.8,3.5,2.9949999999999997,Watchlist or tactical
EWW,Mexico,Country ETF,0.07704243811452262,0.24790059199939415,0.31077956487780756,-0.5398749863609942,NA,0.7,0.5,0.4,0.5499999999999999,2.8,2.5,3.8,3.5,2.7499999999999996,2.8,2.5,3.8,3.5,2.9824999999999995,Watchlist or tactical
EIDO,Indonesia,Country ETF,-0.010848213883091812,0.2544856866714535,-0.04262799226542391,-0.5941085807925135,NA,0.7,0.5,0.4,0.5499999999999999,2.8,2.5,3.8,3.5,2.7499999999999996,2.8,2.5,3.8,3.5,2.9824999999999995,Watchlist or tactical
VNM,Vietnam,Country ETF,0.034184939402298116,0.23533634686168659,0.14525992205695923,-0.5166774402332851,NA,0.7,0.5,0.4,0.5499999999999999,2.8,2.5,3.8,3.5,2.7499999999999996,2.8,2.5,3.8,3.5,2.9824999999999995,Watchlist or tactical
EWI,Italy,Country ETF,0.12933729159926188,0.2341603848152751,0.552344888317867,-0.42998299845405985,NA,0.4,0.5,0.7,0.52,2.8,2.5,3.8,3.5,2.6,2.8,2.5,3.8,3.5,2.945,Watchlist or tactical
EWP,Spain,Country ETF,0.10546733949097298,0.2223377279182662,0.47435646877593324,-0.4636175870410857,NA,0.4,0.5,0.7,0.52,2.8,2.5,3.8,3.5,2.6,2.8,2.5,3.8,3.5,2.945,Watchlist or tactical
EWY,South Korea,Country ETF,0.16577397005921035,0.2871998728108979,0.5772076722623116,-0.49734175152369464,NA,0.4,0.5,0.7,0.52,2.8,2.5,3.8,3.5,2.6,2.8,2.5,3.8,3.5,2.945,Watchlist or tactical
MCHI,China,Country ETF,0.06149350234795225,0.272787954920199,0.22542601767714218,-0.6283626199363892,NA,0.7,0.5,0.2,0.48999999999999994,2.8,2.5,3.8,3.5,2.4499999999999997,2.8,2.5,3.8,3.5,2.9074999999999998,Watchlist or tactical
ECH,Chile,Country ETF,0.06568959470093992,0.2632670660234906,0.2495169475359999,-0.668939382145141,NA,0.7,0.5,0.2,0.48999999999999994,2.8,2.5,3.8,3.5,2.4499999999999997,2.8,2.5,3.8,3.5,2.9074999999999998,Watchlist or tactical
TUR,Turkey,Country ETF,0.055036578857338474,0.3396917353450625,0.16201918719462435,-0.6501708109088933,NA,0.7,0.5,0.2,0.48999999999999994,2.8,2.5,3.8,3.5,2.4499999999999997,2.8,2.5,3.8,3.5,2.9074999999999998,Watchlist or tactical
EZA,South Africa,Country ETF,0.10248624584652365,0.3155253554673305,0.32481144247418514,-0.6225206830118222,NA,0.4,0.5,0.2,0.37000000000000005,2.8,2.5,4,3.5,1.8500000000000003,2.8,2.5,4,3.5,2.7875,Watchlist or tactical
ARGT,Argentina,Country ETF,0.19509497835272077,0.30547615109162163,0.6386586241038693,-0.6167930370536663,NA,0.4,0.5,0.2,0.37000000000000005,2.8,2.5,3.8,3.5,1.8500000000000003,2.8,2.5,3.8,3.5,2.7575,Watchlist or tactical
EPOL,Poland,Country ETF,0.11880991559661647,0.27139036796604543,0.4377823593631782,-0.6140355100880381,NA,0.4,0.5,0.2,0.37000000000000005,2.8,2.5,3.8,3.5,1.8500000000000003,2.8,2.5,3.8,3.5,2.7575,Watchlist or tactical
GREK,Greece,Country ETF,0.1451458346360555,0.3359794864120575,0.43200802580560926,-0.630236497832403,NA,0.4,0.5,0.2,0.37000000000000005,2.8,2.5,3.8,3.5,1.8500000000000003,2.8,2.5,3.8,3.5,2.7575,Watchlist or tactical
