source_id,source_name,r_package,api_key_required,api_key_env_var,api_key_url,update_frequency,coverage_type,coverage_countries,coverage_start_year,cost,loader_function,url,notes
fred_us_macro,Federal Reserve Economic Data (FRED) — U.S. Macro,fredr,TRUE,FRED_API_KEY,https://fred.stlouisfed.org/docs/api/api_key.html,daily,country,US,1947,free,fetch_fred_indicators,https://api.stlouisfed.org/fred/series/observations,Free API key required; 120 requests/min rate limit; comprehensive U.S. macro data
fred_global_commodities,Federal Reserve Economic Data (FRED) — Global Commodities,fredr,TRUE,FRED_API_KEY,https://fred.stlouisfed.org/docs/api/api_key.html,daily,global,WORLD,1960,free,fetch_fred_indicators,https://api.stlouisfed.org/fred/series/observations,Same key as fred_us_macro; commodity prices in USD
wdi_global,World Bank World Development Indicators,WDI,FALSE,NA,NA,annual,global,190+ countries,1960,free,fetch_wdi_indicators,https://api.worldbank.org/v2/,No API key needed; annual data with ~1 year lag; WDI package handles pagination
imf_weo,IMF World Economic Outlook,imfr,FALSE,NA,NA,semi_annual,global,190+ countries,1980,free,fetch_imf_weo,https://www.imf.org/en/Publications/WEO,Published April and October each year; GDP growth and inflation forecasts
oecd_cli,OECD Composite Leading Indicators,OECD,FALSE,NA,NA,monthly,regional,38 OECD countries,1960,free,fetch_oecd_indicators,https://stats.oecd.org/,OECD R package may require rsdmx; CLI normalised around 100 = trend
oecd_bci_cci,OECD Business and Consumer Confidence Indices,OECD,FALSE,NA,NA,monthly,regional,38 OECD countries,1960,free,fetch_oecd_indicators,https://stats.oecd.org/,Business confidence above 100 = positive outlook
banrep_trm,Banco de la República — COP/USD TRM,httr2,FALSE,NA,NA,daily,country,CO,1991,free,fetch_cop_trm,https://www.banrep.gov.co/es/estadisticas/trm,Official daily COP/USD exchange rate; REST API; use Yahoo Finance COP=X as fallback
banrep_rates,Banco de la República — Policy Rate and Reserves,httr2,FALSE,NA,NA,monthly,country,CO,2000,free,fetch_colombia_rates,https://www.banrep.gov.co/es/estadisticas,Intervention rate; foreign reserves in USD millions
dane_cpi,DANE — Colombian CPI and Inflation,httr2,FALSE,NA,NA,monthly,country,CO,2000,free,fetch_dane_cpi,https://www.dane.gov.co/,Monthly CPI and year-over-year inflation; manual download or API scraping
yahoo_fx,Yahoo Finance — FX Exchange Rates,tidyquant,FALSE,NA,NA,daily,global,WORLD,2000,free,fetch_yahoo_fx,https://finance.yahoo.com/,Ticker format: COP=X BRL=X INR=X; use for daily COP/USD and other EM FX rates
vdem,V-Dem (Varieties of Democracy) Project,vdemdata,FALSE,NA,NA,annual,global,180+ countries,1789,free,fetch_vdem_indicators,https://www.v-dem.net/,R package vdemdata provides direct access; dataset is large (~500MB); democracy indices and political freedom
fragile_states,Fund for Peace — Fragile States Index,httr2,FALSE,NA,NA,annual,global,179 countries,2006,free_with_registration,fetch_fragile_states,https://fragilestatesindex.org/,Annual CSV download after free registration; 12 indicators of state fragility
global_peace,Institute for Economics and Peace — Global Peace Index,httr2,FALSE,NA,NA,annual,global,163 countries,2008,free_with_registration,fetch_global_peace_index,https://www.visionofhumanity.org/maps/#/,Annual report PDF; structured data requires manual download or paid API
wb_climate,World Bank Climate Data — Climate Change Knowledge Portal,httr2,FALSE,NA,NA,annual,global,190+ countries,1900,free,fetch_wb_climate,https://climateknowledgeportal.worldbank.org/api/,Temperature anomalies; precipitation; climate vulnerability; REST API
iea_energy,International Energy Agency — World Energy Balances,httr2,TRUE,IEA_API_KEY,https://www.iea.org/data-and-statistics/data-product/world-energy-balances,annual,global,150+ countries,1971,subscription,fetch_iea_data,https://api.iea.org/,Requires IEA subscription for detailed data; free summary data on website
bvc_tes,BVC (Bolsa de Valores Colombia) — TES Yield Curve,httr2,FALSE,NA,NA,daily,country,CO,2000,free,fetch_tes_yields,https://www.bvc.com.co/,Colombian government bond (TES) yield curve; may require manual download or screen scraping
bvc_colcap,BVC — COLCAP Index Data,tidyquant,FALSE,NA,NA,daily,country,CO,2000,free,fetch_colcap_data,https://finance.yahoo.com/,Yahoo Finance ticker: ^COLCAP or CIB for Bancolombia ADR; BVC direct data may need scraping
eclac_latam,CEPAL/ECLAC — Latin America & Caribbean Statistics,httr2,FALSE,NA,NA,annual,regional,33 Latin America countries,1950,free,fetch_eclac_data,https://statistics.cepal.org/portal/cepalstat/,GDP growth; poverty; inequality; trade; energy for Latin America; REST API available
bis_stats,BIS Statistics — Credit and Property Prices,httr2,FALSE,NA,NA,quarterly,global,44 countries,1980,free,fetch_bis_stats,https://www.bis.org/statistics/,Credit-to-GDP gaps; property price gaps; FX reserves; total credit; useful for bubble risk assessment
msci_esg,MSCI ESG Ratings,httr2,TRUE,MSCI_API_KEY,https://www.msci.com/,annual,global,6000+ companies,2007,paid,fetch_msci_esg,https://api.msci.com/,Paid subscription required; country-level ESG scores available via Bloomberg or FactSet alternatively
refinitiv_esg,Refinitiv ESG Scores,httr2,TRUE,REFINITIV_API_KEY,https://developers.lseg.com/,annual,global,5000+ companies,2002,paid,fetch_refinitiv_esg,https://api.refinitiv.com/,Paid LSEG/Refinitiv subscription; environmental controversy scores; transition risk metrics
ipcc_climate,IPCC Climate Data — GMST Anomalies,httr2,FALSE,NA,NA,annual,global,WORLD,1850,free,fetch_ipcc_data,https://www.ipcc.ch/data/,Global mean surface temperature anomaly; HadCRUT5; Berkeley Earth data also available freely
berkeley_earth,Berkeley Earth — Global Temperature Data,httr2,FALSE,NA,NA,monthly,global,WORLD,1850,free,fetch_berkeley_earth,http://berkeleyearth.org/data/,Monthly global and regional temperature anomalies; free CSV download; no API key needed
noaa_climate,NOAA Global Surface Temperature,httr2,FALSE,NA,NA,monthly,global,WORLD,1880,free,fetch_noaa_climate,https://www.ncei.noaa.gov/access/monitoring/global-temperature-anomalies/,Global surface temperature anomaly vs 20th century average; monthly update
wb_poverty,World Bank PovcalNet — Poverty and Inequality,WDI,FALSE,NA,NA,annual,global,160+ countries,1980,free,fetch_wb_poverty,https://pip.worldbank.org/,$2.15/day poverty headcount; Gini coefficient; accessible via WDI package
wb_governance,World Bank Worldwide Governance Indicators,httr2,FALSE,NA,NA,annual,global,215 countries,1996,free,fetch_wb_governance,https://www.worldbank.org/en/publication/worldwide-governance-indicators,Rule of law; political stability; government effectiveness; control of corruption; biennial
icrg_political_risk,ICRG — International Country Risk Guide,httr2,TRUE,ICRG_API_KEY,https://www.prsgroup.com/,monthly,global,140 countries,1984,paid,fetch_icrg_risk,https://www.prsgroup.com/icrg/,Political; economic; financial risk ratings; 22 components; subscription required; widely cited
transparency_cpi,Transparency International — Corruption Perceptions Index,httr2,FALSE,NA,NA,annual,global,180 countries,1995,free,fetch_transparency_cpi,https://www.transparency.org/en/cpi,Annual CPI score 0-100 (0=highly corrupt; 100=clean); CSV download from website
heritage_efreedom,Heritage Foundation — Index of Economic Freedom,httr2,FALSE,NA,NA,annual,global,184 countries,1995,free,fetch_economic_freedom,https://www.heritage.org/index/,Overall score plus 12 sub-categories; property rights; judicial effectiveness; fiscal health
unctad_fdi,UNCTAD — FDI Statistics,httr2,FALSE,NA,NA,annual,global,200 countries,1970,free,fetch_unctad_fdi,https://unctad.org/topic/investment/world-investment-report,FDI inflows/outflows; greenfield investment; cross-border M&A; CSV download
